{"cameraMode":{"drawMode":0,"name":"Shaded","section":"Shading Mode"},"sceneLighting":false,"audioPlay":false,"sceneViewState":{"m_AlwaysRefresh":false,"showFog":true,"showSkybox":false,"showFlares":true,"showImageEffects":true,"showParticleSystems":true,"showVisualEffectGraphs":true,"m_FxEnabled":false},"in2DMode":false,"pivot":{"x":0.15215706825256349,"y":1.9138243198394776,"z":-1.5516157150268555},"rotation":{"x":0.0139040257781744,"y":0.9063766002655029,"z":-0.02992129512131214,"w":0.4211810827255249},"size":7.193968296051025,"orthographic":true}